id,statement,status,competes_with,expected_observation,falsifier
H7_IN2O3_MEMORY,"After redox recovery, a slower morphology/history coordinate can retain treatment history and control mass-specific methanol activity",active,"H8_IN2O3_TRANSIENT;H9_IN2O3_HIDDEN_CHEM;H10_IN2O3_UNCERTAINTY;H14_KINETIC_VALIDITY","Persistent S4 deficit after kinetic stabilization; mass activity tracks independent accessible area","Activity returns to S1 without structural reversal or area-normalized rates remain different"
H8_IN2O3_TRANSIENT,"The lower S4 activity is delayed reactivation rather than persistent memory",active,"H7_IN2O3_MEMORY","STY returns toward S1 during extended unchanged standard-feed exposure","Stable deficit persists after kinetic stabilization"
H9_IN2O3_HIDDEN_CHEM,"Surface vacancy topology hydroxylation Zr environment or phase redistribution changes intrinsic chemistry despite recovery of mean In redox descriptors",active,"H7_IN2O3_MEMORY;H8_IN2O3_TRANSIENT;H14_KINETIC_VALIDITY","Persistent surface/phase signature and area-normalized intrinsic-rate difference","Matched surface chemistry and area-normalized rates recover across paths"
H10_IN2O3_UNCERTAINTY,"The apparent S1/S4 rate or line-width difference is not reproducible beyond measurement uncertainty",active,"H7_IN2O3_MEMORY;H9_IN2O3_HIDDEN_CHEM","Independent cycles show inconsistent sign or no stable paired relation","Replicated paired cycles survive uncertainty propagation"
H11_IN2O3_ISOREDOX_PATH,"Regeneration path is an independent catalyst-state variable after matching the ensemble-average In redox endpoint",active,"H8_IN2O3_TRANSIENT;H10_IN2O3_UNCERTAINTY;H14_KINETIC_VALIDITY","Endpoint-matched paths yield reproducibly different area or area-normalized STY with a coherent state signature","All endpoint-matched contrasts remain small and no coherent state signature survives"
H12_ZR_LOCAL_SURFACE_STATE,"A localized fluorite-like Zr environment directly changes surface H thermodynamics CO2 healing or a methanol-network barrier at matched redox inventory",active,"H13_ZR_BULK_DEFECT_SUPPLY;H14_KINETIC_VALIDITY","Stable local motif produces >=0.10 eV paired shift in a Stage-1 mechanism probe","Local motif is unstable or all matched shifts remain <0.05 eV"
H13_ZR_BULK_DEFECT_SUPPLY,"Zr primarily alters bulk vacancy formation healing and transport while matched surface reaction energetics remain similar",active,"H12_ZR_LOCAL_SURFACE_STATE;H14_KINETIC_VALIDITY","Surface H/reaction quantities differ <0.05 eV while healing/migration differs >=0.10-0.15 eV","Iso-redox surface reaction quantity changes >=0.10 eV and survives controls"
H14_KINETIC_VALIDITY,"The mass-specific methanol STY measured for 5% Zr-In2O3 under the current laboratory protocol contains a reversible total-flow/contact-time contribution and is not yet a flow-invariant intrinsic kinetic observable",active,"H15_PRODUCT_STATE_RESPONSE","At fixed inlet composition T and P, STY changes with total flow and returns to baseline when flow returns; matched-W/F and velocity controls identify a reactor/transport contribution","A crossed W/F-velocity design yields flow-invariant mass-specific rate within prespecified precision while state and product-chemical-potential controls show no residual effect"
H15_PRODUCT_STATE_RESPONSE,"The reversible total-flow dependence partly reflects a catalyst surface-state response to product chemical potentials or residence time rather than transport alone",active,"H14_KINETIC_VALIDITY","After external transport is controlled, contact-time or trace-H2O perturbations reproducibly change intrinsic rate together with an operando surface-state marker","Matched-W/F velocity controls fully remove the flow effect and trace-H2O/state perturbations add no residual intrinsic-rate change"
