id,hypothesis_ids,method,question,status,decision_rule
P09_IN2O3_REACTIVATION_TIME,"H7_IN2O3_MEMORY;H8_IN2O3_TRANSIENT","extended unchanged standard-feed reactivation with time-resolved STY","Does the S4 activity deficit persist after kinetic stabilization?",planned,"Stop persistent-memory work if stabilized STY returns to >=95% of S1 without morphology reversal"
P12_IN2O3_ISOREDOX_PATH,"H7_IN2O3_MEMORY;H9_IN2O3_HIDDEN_CHEM;H11_IN2O3_ISOREDOX_PATH","endpoint-matched regeneration path intervention","After mean-In redox recovery is matched do regeneration paths causally alter morphology surface chemistry or methanol function?",planned,"Require reproducible endpoint-matched contrast with an independent area or surface-state signature"
P15_ZR_LOCAL_MODEL_SURVIVAL,"H12_ZR_LOCAL_SURFACE_STATE;H13_ZR_BULK_DEFECT_SUPPLY","relax ordinary bixbyite periodic Zr-fluorite and localized Zr-fluorite-in-bixbyite models","Can a fluorite-like Zr first shell remain locally stable while the long-range host stays bixbyite?",ready-after-structure-extraction,"Advance only a local motif that survives unconstrained local relaxation and remains compatible with structural evidence"
P16_ZR_H_PAIR_THERMODYNAMICS,"H12_ZR_LOCAL_SURFACE_STATE;H13_ZR_BULK_DEFECT_SUPPLY","paired adsorption free energies at matched surface state","Does localized Zr alter In-H/OH pair stability?",blocked-P15,"Advance for >=0.10 eV paired shift; stop H2-NEB expansion if all shifts <0.05 eV"
P17_ZR_CO2_HEALING,"H12_ZR_LOCAL_SURFACE_STATE;H13_ZR_BULK_DEFECT_SUPPLY","paired thermodynamics and bounded CI-NEB for CO2 vacancy healing","Does localized Zr directly change surface vacancy replenishment?",blocked-P15,"Advance for location-specific >=0.10 eV shift; otherwise move to one bounded vacancy-migration test"
P18_ZR_H2COOH_SCISSION,"H12_ZR_LOCAL_SURFACE_STATE;H13_ZR_BULK_DEFECT_SUPPLY","paired CI-NEB on iso-hydroxylated surfaces","Does localized Zr rewire the published methanol-network bottleneck?",blocked-P15,"Advance for >=0.10 eV barrier shift at matched redox/hydroxylation; stop full-network expansion if <0.05 eV"
P19_FLOW_WF_VELOCITY,"H14_KINETIC_VALIDITY;H15_PRODUCT_STATE_RESPONSE","crossed total-flow and catalyst-mass experiment at matched W/F plus contact-time contrast at matched superficial velocity","Is the 19-33% reversible STY increase caused by velocity-dependent transport, contact-time/product effects, or a slower catalyst-state response?",highest-priority,"Do not interpret small STY differences as intrinsic kinetics until the rate is invariant to the transport control or the residual state-dependent term is independently identified"
P20_TRACE_H2O_FLOW_GATE,"H14_KINETIC_VALIDITY;H15_PRODUCT_STATE_RESPONSE","controlled trace-H2O addition at the high-flow condition after transport checks","Does restoring product-water chemical potential suppress the high-flow STY toward the low-flow value?",blocked-P19,"Promote product/state inhibition only if H2O changes area/transport-corrected rate with a coherent operando state signature"
P21_PARTICLE_SIZE_TRANSPORT,"H14_KINETIC_VALIDITY","particle-size series at matched inlet conditions and space velocity","Does the apparent rate depend on catalyst particle size in the same operating window?",conditional,"Any systematic particle-size dependence requires transport correction before intrinsic mechanism fitting"
